{"files":["cover.html","LICENSE.html","preface.html","contributors.html","introduction.html","toc.html","1-introduction.html","1-git-basics.html","1-git-branching.html","1-git-server.html","1-distributed-git.html","1-github.html","1-git-tools.html","1-customizing-git.html","1-git-and-other-scms.html","1-git-internals.html","1-git-other-environments.html","1-embedding-git.html","1-git-commands.html","index.html"],"titles":{"cover.html":"","LICENSE.html":"","preface.html":"Preface by Scott Chacon","contributors.html":"Contributors","introduction.html":"Introduction","toc.html":"","1-introduction.html":"Getting Started","1-git-basics.html":"Git Basics","1-git-branching.html":"Git Branching","1-git-server.html":"Git on the Server","1-distributed-git.html":"Distributed Git","1-github.html":"GitHub","1-git-tools.html":"Git Tools","1-customizing-git.html":"Customizing Git","1-git-and-other-scms.html":"Git and Other Systems","1-git-internals.html":"Git Internals","1-git-other-environments.html":"Git in Other Environments","1-embedding-git.html":"Embedding Git in your Applications","1-git-commands.html":"Git Commands","index.html":"Index"},"navigation":{"navigation":[{"id":"preface-by-scott-chacon-ep4f6","type":"preface","href":"preface.html","label":"Preface by Scott Chacon","children":[]},{"id":"preface-by-ben-straub-e3mfw","type":"preface","href":"preface.html","label":"Preface by Ben Straub","children":[]},{"id":"dedications-eZWf9","type":"preface","href":"preface.html","label":"Dedications","children":[]},{"id":"contributors-mQkUJ","type":"preface","href":"contributors.html","label":"Contributors","children":[]},{"id":"introduction-GerHw","type":"preface","href":"introduction.html","label":"Introduction","children":[]},{"id":"_getting_started","type":"chapter","href":"1-introduction.html","label":"Getting Started","children":[{"id":"about-version-control-BDHOf9","type":"sect1","href":"1-introduction.html#about-version-control-BDHOf9","label":"About Version Control","children":[{"id":"local-version-control-systems-EDHoUOf2","type":"sect2","href":"1-introduction.html#local-version-control-systems-EDHoUOf2","label":"Local Version Control Systems"},{"id":"centralized-version-control-systems-zxHNuOfk","type":"sect2","href":"1-introduction.html#centralized-version-control-systems-zxHNuOfk","label":"Centralized Version Control Systems"},{"id":"distributed-version-control-systems-PlHMT6fA","type":"sect2","href":"1-introduction.html#distributed-version-control-systems-PlHMT6fA","label":"Distributed Version Control Systems"}]},{"id":"a-short-history-of-git-5xHJUG","type":"sect1","href":"1-introduction.html#a-short-history-of-git-5xHJUG","label":"A Short History of Git","children":[]},{"id":"git-basics-edHxu5","type":"sect1","href":"1-introduction.html#git-basics-edHxu5","label":"Git Basics","children":[{"id":"snapshots-not-differences-zxHVfbuk","type":"sect2","href":"1-introduction.html#snapshots-not-differences-zxHVfbuk","label":"Snapshots, Not Differences"},{"id":"nearly-every-operation-is-local-PlH8UQuA","type":"sect2","href":"1-introduction.html#nearly-every-operation-is-local-PlH8UQuA","label":"Nearly Every Operation Is Local"},{"id":"git-has-integrity-qmH4uDud","type":"sect2","href":"1-introduction.html#git-has-integrity-qmH4uDud","label":"Git Has Integrity"},{"id":"git-generally-only-adds-data-7wHgTruq","type":"sect2","href":"1-introduction.html#git-generally-only-adds-data-7wHgTruq","label":"Git Generally Only Adds Data"},{"id":"the-three-states-ReHMS4ux","type":"sect2","href":"1-introduction.html#the-three-states-ReHMS4ux","label":"The Three States"}]},{"id":"the-command-line-EDHxTe","type":"sect1","href":"1-introduction.html#the-command-line-EDHxTe","label":"The Command Line","children":[]},{"id":"installing-git-zxHMSJ","type":"sect1","href":"1-introduction.html#installing-git-zxHMSJ","label":"Installing Git","children":[{"id":"installing-on-linux-7wHqUZSq","type":"sect2","href":"1-introduction.html#installing-on-linux-7wHqUZSq","label":"Installing on Linux"},{"id":"installing-on-mac-ReHdugSx","type":"sect2","href":"1-introduction.html#installing-on-mac-ReHdugSx","label":"Installing on Mac"},{"id":"installing-on-windows-kJHETkS1","type":"sect2","href":"1-introduction.html#installing-on-windows-kJHETkS1","label":"Installing on Windows"},{"id":"installing-from-source-WlHkSzSJ","type":"sect2","href":"1-introduction.html#installing-from-source-WlHkSzSJ","label":"Installing from Source"}]},{"id":"_first_time","type":"sect1","href":"1-introduction.html#_first_time","label":"First-Time Git Setup","children":[{"id":"your-identity-xoHdSws7","type":"sect2","href":"1-introduction.html#your-identity-xoHdSws7","label":"Your Identity"},{"id":"your-editor-ADHks5sy","type":"sect2","href":"1-introduction.html#your-editor-ADHks5sy","label":"Your Editor"},{"id":"checking-your-settings-mmHaIMsY","type":"sect2","href":"1-introduction.html#checking-your-settings-mmHaIMsY","label":"Checking Your Settings"}]},{"id":"_git_help","type":"sect1","href":"1-introduction.html#_git_help","label":"Getting Help","children":[]},{"id":"summary-7wHJtN","type":"sect1","href":"1-introduction.html#summary-7wHJtN","label":"Summary","children":[]}]},{"id":"_git_basics_chapter","type":"chapter","href":"1-git-basics.html","label":"Git Basics","children":[{"id":"_getting_a_repo","type":"sect1","href":"1-git-basics.html#_getting_a_repo","label":"Getting a Git Repository","children":[{"id":"initializing-a-repository-in-an-existing-directory-NkteiLie","type":"sect2","href":"1-git-basics.html#initializing-a-repository-in-an-existing-directory-NkteiLie","label":"Initializing a Repository in an Existing Directory"},{"id":"_git_cloning","type":"sect2","href":"1-git-basics.html#_git_cloning","label":"Cloning an Existing Repository"}]},{"id":"recording-changes-to-the-repository-a6tesP","type":"sect1","href":"1-git-basics.html#recording-changes-to-the-repository-a6tesP","label":"Recording Changes to the Repository","children":[{"id":"_checking_status","type":"sect2","href":"1-git-basics.html#_checking_status","label":"Checking the Status of Your Files"},{"id":"_tracking_files","type":"sect2","href":"1-git-basics.html#_tracking_files","label":"Tracking New Files"},{"id":"staging-modified-files-l4tbIosG","type":"sect2","href":"1-git-basics.html#staging-modified-files-l4tbIosG","label":"Staging Modified Files"},{"id":"short-status-7mt0fys1","type":"sect2","href":"1-git-basics.html#short-status-7mt0fys1","label":"Short Status"},{"id":"_ignoring","type":"sect2","href":"1-git-basics.html#_ignoring","label":"Ignoring Files"},{"id":"_git_diff_staged","type":"sect2","href":"1-git-basics.html#_git_diff_staged","label":"Viewing Your Staged and Unstaged Changes"},{"id":"_committing_changes","type":"sect2","href":"1-git-basics.html#_committing_changes","label":"Committing Your Changes"},{"id":"skipping-the-staging-area-K8tMFJsg","type":"sect2","href":"1-git-basics.html#skipping-the-staging-area-K8tMFJsg","label":"Skipping the Staging Area"},{"id":"_removing_files","type":"sect2","href":"1-git-basics.html#_removing_files","label":"Removing Files"},{"id":"_git_mv","type":"sect2","href":"1-git-basics.html#_git_mv","label":"Moving Files"}]},{"id":"_viewing_history","type":"sect1","href":"1-git-basics.html#_viewing_history","label":"Viewing the Commit History","children":[{"id":"limiting-log-output-RetVtluY","type":"sect2","href":"1-git-basics.html#limiting-log-output-RetVtluY","label":"Limiting Log Output"}]},{"id":"_undoing","type":"sect1","href":"1-git-basics.html#_undoing","label":"Undoing Things","children":[{"id":"_unstaging","type":"sect2","href":"1-git-basics.html#_unstaging","label":"Unstaging a Staged File"},{"id":"unmodifying-a-modified-file-K8t5cgTg","type":"sect2","href":"1-git-basics.html#unmodifying-a-modified-file-K8t5cgTg","label":"Unmodifying a Modified File"}]},{"id":"_remote_repos","type":"sect1","href":"1-git-basics.html#_remote_repos","label":"Working with Remotes","children":[{"id":"showing-your-remotes-m3tRiEHa","type":"sect2","href":"1-git-basics.html#showing-your-remotes-m3tRiEHa","label":"Showing Your Remotes"},{"id":"adding-remote-repositories-ZRtjsPHw","type":"sect2","href":"1-git-basics.html#adding-remote-repositories-ZRtjsPHw","label":"Adding Remote Repositories"},{"id":"_fetching_and_pulling","type":"sect2","href":"1-git-basics.html#_fetching_and_pulling","label":"Fetching and Pulling from Your Remotes"},{"id":"_pushing_remotes","type":"sect2","href":"1-git-basics.html#_pushing_remotes","label":"Pushing to Your Remotes"},{"id":"_inspecting_remote","type":"sect2","href":"1-git-basics.html#_inspecting_remote","label":"Inspecting a Remote"},{"id":"removing-and-renaming-remotes-2at8IdHV","type":"sect2","href":"1-git-basics.html#removing-and-renaming-remotes-2at8IdHV","label":"Removing and Renaming Remotes"}]},{"id":"_git_tagging","type":"sect1","href":"1-git-basics.html#_git_tagging","label":"Tagging","children":[{"id":"listing-your-tags-ZRtyijIw","type":"sect2","href":"1-git-basics.html#listing-your-tags-ZRtyijIw","label":"Listing Your Tags"},{"id":"creating-tags-l4tYslIG","type":"sect2","href":"1-git-basics.html#creating-tags-l4tYslIG","label":"Creating Tags"},{"id":"_annotated_tags","type":"sect2","href":"1-git-basics.html#_annotated_tags","label":"Annotated Tags"},{"id":"lightweight-tags-b6t5TxI1","type":"sect2","href":"1-git-basics.html#lightweight-tags-b6t5TxI1","label":"Lightweight Tags"},{"id":"tagging-later-2atMHeIV","type":"sect2","href":"1-git-basics.html#tagging-later-2atMHeIV","label":"Tagging Later"},{"id":"_sharing_tags","type":"sect2","href":"1-git-basics.html#_sharing_tags","label":"Sharing Tags"},{"id":"checking-out-tags-K8t9fAIg","type":"sect2","href":"1-git-basics.html#checking-out-tags-K8t9fAIg","label":"Checking out Tags"}]},{"id":"_git_aliases","type":"sect1","href":"1-git-basics.html#_git_aliases","label":"Git Aliases","children":[]},{"id":"summary-ZRtEU4","type":"sect1","href":"1-git-basics.html#summary-ZRtEU4","label":"Summary","children":[]}]},{"id":"_git_branching","type":"chapter","href":"1-git-branching.html","label":"Git Branching","children":[{"id":"_git_branches_overview","type":"sect1","href":"1-git-branching.html#_git_branches_overview","label":"Branches in a Nutshell","children":[{"id":"_create_new_branch","type":"sect2","href":"1-git-branching.html#_create_new_branch","label":"Creating a New Branch"},{"id":"_switching_branches","type":"sect2","href":"1-git-branching.html#_switching_branches","label":"Switching Branches"}]},{"id":"basic-branching-and-merging-QjtQTA","type":"sect1","href":"1-git-branching.html#basic-branching-and-merging-QjtQTA","label":"Basic Branching and Merging","children":[{"id":"_basic_branching","type":"sect2","href":"1-git-branching.html#_basic_branching","label":"Basic Branching"},{"id":"_basic_merging","type":"sect2","href":"1-git-branching.html#_basic_merging","label":"Basic Merging"},{"id":"_basic_merge_conflicts","type":"sect2","href":"1-git-branching.html#_basic_merge_conflicts","label":"Basic Merge Conflicts"}]},{"id":"_branch_management","type":"sect1","href":"1-git-branching.html#_branch_management","label":"Branch Management","children":[]},{"id":"branching-workflows-bqtwsx","type":"sect1","href":"1-git-branching.html#branching-workflows-bqtwsx","label":"Branching Workflows","children":[{"id":"long-running-branches-x5t7Hwsm","type":"sect2","href":"1-git-branching.html#long-running-branches-x5t7Hwsm","label":"Long-Running Branches"},{"id":"_topic_branch","type":"sect2","href":"1-git-branching.html#_topic_branch","label":"Topic Branches"}]},{"id":"_remote_branches","type":"sect1","href":"1-git-branching.html#_remote_branches","label":"Remote Branches","children":[{"id":"_pushing_branches","type":"sect2","href":"1-git-branching.html#_pushing_branches","label":"Pushing"},{"id":"_tracking_branches","type":"sect2","href":"1-git-branching.html#_tracking_branches","label":"Tracking Branches"},{"id":"pulling-YPteuBIg","type":"sect2","href":"1-git-branching.html#pulling-YPteuBIg","label":"Pulling"},{"id":"_delete_branches","type":"sect2","href":"1-git-branching.html#_delete_branches","label":"Deleting Remote Branches"}]},{"id":"_rebasing","type":"sect1","href":"1-git-branching.html#_rebasing","label":"Rebasing","children":[{"id":"the-basic-rebase-Jpt3HAfl","type":"sect2","href":"1-git-branching.html#the-basic-rebase-Jpt3HAfl","label":"The Basic Rebase"},{"id":"more-interesting-rebases-1GtbuxfN","type":"sect2","href":"1-git-branching.html#more-interesting-rebases-1GtbuxfN","label":"More Interesting Rebases"},{"id":"_rebase_peril","type":"sect2","href":"1-git-branching.html#_rebase_peril","label":"The Perils of Rebasing"},{"id":"_rebase_rebase","type":"sect2","href":"1-git-branching.html#_rebase_rebase","label":"Rebase When You Rebase"},{"id":"rebase-vs-merge-VPtgskfd","type":"sect2","href":"1-git-branching.html#rebase-vs-merge-VPtgskfd","label":"Rebase vs. Merge"}]},{"id":"summary-M2t8Uk","type":"sect1","href":"1-git-branching.html#summary-M2t8Uk","label":"Summary","children":[]}]},{"id":"git-on-the-server-4pvtD","type":"chapter","href":"1-git-server.html","label":"Git on the Server","children":[{"id":"the-protocols-bvtxI1","type":"sect1","href":"1-git-server.html#the-protocols-bvtxI1","label":"The Protocols","children":[{"id":"local-protocol-JptzikIG","type":"sect2","href":"1-git-server.html#local-protocol-JptzikIG","label":"Local Protocol"},{"id":"the-http-protocols-W5t0HmIn","type":"sect2","href":"1-git-server.html#the-http-protocols-W5t0HmIn","label":"The HTTP Protocols"},{"id":"the-ssh-protocol-6kt1hYIN","type":"sect2","href":"1-git-server.html#the-ssh-protocol-6kt1hYIN","label":"The SSH Protocol"},{"id":"the-git-protocol-wVtqIPI1","type":"sect2","href":"1-git-server.html#the-git-protocol-wVtqIPI1","label":"The Git Protocol"}]},{"id":"_git_on_the_server","type":"sect1","href":"1-git-server.html#_git_on_the_server","label":"Getting Git on a Server","children":[{"id":"_bare_repo","type":"sect2","href":"1-git-server.html#_bare_repo","label":"Putting the Bare Repository on a Server"},{"id":"small-setups-KNt1cLTB","type":"sect2","href":"1-git-server.html#small-setups-KNt1cLTB","label":"Small Setups"}]},{"id":"_generate_ssh_key","type":"sect1","href":"1-git-server.html#_generate_ssh_key","label":"Generating Your SSH Public Key","children":[]},{"id":"_setting_up_server","type":"sect1","href":"1-git-server.html#_setting_up_server","label":"Setting Up the Server","children":[]},{"id":"git-daemon-6ktnUE","type":"sect1","href":"1-git-server.html#git-daemon-6ktnUE","label":"Git Daemon","children":[]},{"id":"smart-http-wVt6cr","type":"sect1","href":"1-git-server.html#smart-http-wVt6cr","label":"Smart HTTP","children":[]},{"id":"gitweb-D0tJtP","type":"sect1","href":"1-git-server.html#gitweb-D0tJtP","label":"GitWeb","children":[]},{"id":"gitlab-lotZFY","type":"sect1","href":"1-git-server.html#gitlab-lotZFY","label":"GitLab","children":[{"id":"installation-YRtniBFo","type":"sect2","href":"1-git-server.html#installation-YRtniBFo","label":"Installation"},{"id":"administration-NgtnHJFR","type":"sect2","href":"1-git-server.html#administration-NgtnHJFR","label":"Administration"},{"id":"basic-usage-KNt0hvFB","type":"sect2","href":"1-git-server.html#basic-usage-KNt0hvFB","label":"Basic Usage"},{"id":"working-together-01tMIWFJ","type":"sect2","href":"1-git-server.html#working-together-01tMIWFJ","label":"Working Together"}]},{"id":"third-party-hosted-options-58tVCL","type":"sect1","href":"1-git-server.html#third-party-hosted-options-58tVCL","label":"Third Party Hosted Options","children":[]},{"id":"summary-YRt5sJ","type":"sect1","href":"1-git-server.html#summary-YRt5sJ","label":"Summary","children":[]}]},{"id":"_distributed_git","type":"chapter","href":"1-distributed-git.html","label":"Distributed Git","children":[{"id":"distributed-workflows-nGI0cM","type":"sect1","href":"1-distributed-git.html#distributed-workflows-nGI0cM","label":"Distributed Workflows","children":[{"id":"centralized-workflow-B3InSxcg","type":"sect2","href":"1-distributed-git.html#centralized-workflow-B3InSxcg","label":"Centralized Workflow"},{"id":"_integration_manager","type":"sect2","href":"1-distributed-git.html#_integration_manager","label":"Integration-Manager Workflow"},{"id":"dictator-and-lieutenants-workflow-vRIxHgcB","type":"sect2","href":"1-distributed-git.html#dictator-and-lieutenants-workflow-vRIxHgcB","label":"Dictator and Lieutenants Workflow"},{"id":"workflows-summary-20IvuacG","type":"sect2","href":"1-distributed-git.html#workflows-summary-20IvuacG","label":"Workflows Summary"}]},{"id":"_contributing_project","type":"sect1","href":"1-distributed-git.html#_contributing_project","label":"Contributing to a Project","children":[{"id":"_commit_guidelines","type":"sect2","href":"1-distributed-git.html#_commit_guidelines","label":"Commit Guidelines"},{"id":"_private_team","type":"sect2","href":"1-distributed-git.html#_private_team","label":"Private Small Team"},{"id":"private-managed-team-lrINixHR","type":"sect2","href":"1-distributed-git.html#private-managed-team-lrINixHR","label":"Private Managed Team"},{"id":"_public_project","type":"sect2","href":"1-distributed-git.html#_public_project","label":"Forked Public Project"},{"id":"_project_over_email","type":"sect2","href":"1-distributed-git.html#_project_over_email","label":"Public Project over Email"},{"id":"summary-wrIpIBH9","type":"sect2","href":"1-distributed-git.html#summary-wrIpIBH9","label":"Summary"}]},{"id":"maintaining-a-project-B3I6u5","type":"sect1","href":"1-distributed-git.html#maintaining-a-project-B3I6u5","label":"Maintaining a Project","children":[{"id":"working-in-topic-branches-vRIJSzuB","type":"sect2","href":"1-distributed-git.html#working-in-topic-branches-vRIJSzuB","label":"Working in Topic Branches"},{"id":"_patches_from_email","type":"sect2","href":"1-distributed-git.html#_patches_from_email","label":"Applying Patches from Email"},{"id":"_checking_out_remotes","type":"sect2","href":"1-distributed-git.html#_checking_out_remotes","label":"Checking Out Remote Branches"},{"id":"_what_is_introduced","type":"sect2","href":"1-distributed-git.html#_what_is_introduced","label":"Determining What Is Introduced"},{"id":"integrating-contributed-work-3gIMTpua","type":"sect2","href":"1-distributed-git.html#integrating-contributed-work-3gIMTpua","label":"Integrating Contributed Work"},{"id":"_tagging_releases","type":"sect2","href":"1-distributed-git.html#_tagging_releases","label":"Tagging Your Releases"},{"id":"_build_number","type":"sect2","href":"1-distributed-git.html#_build_number","label":"Generating a Build Number"},{"id":"_preparing_release","type":"sect2","href":"1-distributed-git.html#_preparing_release","label":"Preparing a Release"},{"id":"_the_shortlog","type":"sect2","href":"1-distributed-git.html#_the_shortlog","label":"The Shortlog"}]},{"id":"summary-o9IBTd","type":"sect1","href":"1-distributed-git.html#summary-o9IBTd","label":"Summary","children":[]}]},{"id":"_github","type":"chapter","href":"1-github.html","label":"GitHub","children":[{"id":"account-setup-and-configuration-PztOTZ","type":"sect1","href":"1-github.html#account-setup-and-configuration-PztOTZ","label":"Account Setup and Configuration","children":[{"id":"ssh-access-X3txheT5","type":"sect2","href":"1-github.html#ssh-access-X3txheT5","label":"SSH Access"},{"id":"_personal_avatar","type":"sect2","href":"1-github.html#_personal_avatar","label":"Your Avatar"},{"id":"your-email-addresses-46tvHYTR","type":"sect2","href":"1-github.html#your-email-addresses-46tvHYTR","label":"Your Email Addresses"},{"id":"two-factor-authentication-QWtoUxT8","type":"sect2","href":"1-github.html#two-factor-authentication-QWtoUxT8","label":"Two Factor Authentication"}]},{"id":"contributing-to-a-project-YjtehW","type":"sect1","href":"1-github.html#contributing-to-a-project-YjtehW","label":"Contributing to a Project","children":[{"id":"forking-projects-DPtzsZhw","type":"sect2","href":"1-github.html#forking-projects-DPtzsZhw","label":"Forking Projects"},{"id":"_github_flow","type":"sect2","href":"1-github.html#_github_flow","label":"The GitHub Flow"},{"id":"advanced-pull-requests-eNtYIlh5","type":"sect2","href":"1-github.html#advanced-pull-requests-eNtYIlh5","label":"Advanced Pull Requests"},{"id":"markdown-X3tXTvh5","type":"sect2","href":"1-github.html#markdown-X3tXTvh5","label":"Markdown"}]},{"id":"_maintaining_gh_project","type":"sect1","href":"1-github.html#_maintaining_gh_project","label":"Maintaining a Project","children":[{"id":"creating-a-new-repository-Botksgug","type":"sect2","href":"1-github.html#creating-a-new-repository-Botksgug","label":"Creating a New Repository"},{"id":"adding-collaborators-eNt5f1u5","type":"sect2","href":"1-github.html#adding-collaborators-eNt5f1u5","label":"Adding Collaborators"},{"id":"managing-pull-requests-X3tNIYu5","type":"sect2","href":"1-github.html#managing-pull-requests-X3tNIYu5","label":"Managing Pull Requests"},{"id":"mentions-and-notifications-6RtXTYuk","type":"sect2","href":"1-github.html#mentions-and-notifications-6RtXTYuk","label":"Mentions and Notifications"},{"id":"special-files-46t1hQuR","type":"sect2","href":"1-github.html#special-files-46t1hQuR","label":"Special Files"},{"id":"readme-QWt7uOu8","type":"sect2","href":"1-github.html#readme-QWt7uOu8","label":"README"},{"id":"contributing-8dtGH1un","type":"sect2","href":"1-github.html#contributing-8dtGH1un","label":"CONTRIBUTING"},{"id":"project-administration-2DtoUeuY","type":"sect2","href":"1-github.html#project-administration-2DtoUeuY","label":"Project Administration"}]},{"id":"_github_orgs","type":"sect1","href":"1-github.html#_github_orgs","label":"Managing an organization","children":[{"id":"organization-basics-eNtjs7H5","type":"sect2","href":"1-github.html#organization-basics-eNtjs7H5","label":"Organization Basics"},{"id":"teams-X3tmflH5","type":"sect2","href":"1-github.html#teams-X3tmflH5","label":"Teams"},{"id":"audit-log-6Rt3IVHk","type":"sect2","href":"1-github.html#audit-log-6Rt3IVHk","label":"Audit Log"}]},{"id":"scripting-github-Bot8UJ","type":"sect1","href":"1-github.html#scripting-github-Bot8UJ","label":"Scripting GitHub","children":[{"id":"hooks-6RtEfaUk","type":"sect2","href":"1-github.html#hooks-6RtEfaUk","label":"Hooks"},{"id":"the-github-api-46tPIbUR","type":"sect2","href":"1-github.html#the-github-api-46tPIbUR","label":"The GitHub API"},{"id":"basic-usage-QWt8T8U8","type":"sect2","href":"1-github.html#basic-usage-QWt8T8U8","label":"Basic Usage"},{"id":"commenting-on-an-issue-8dt7hAUn","type":"sect2","href":"1-github.html#commenting-on-an-issue-8dt7hAUn","label":"Commenting on an Issue"},{"id":"changing-the-status-of-a-pull-request-2DtLu4UY","type":"sect2","href":"1-github.html#changing-the-status-of-a-pull-request-2DtLu4UY","label":"Changing the Status of a Pull Request"},{"id":"octokit-l6tgHJUw","type":"sect2","href":"1-github.html#octokit-l6tgHJUw","label":"Octokit"}]},{"id":"summary-eNtRcV","type":"sect1","href":"1-github.html#summary-eNtRcV","label":"Summary","children":[]}]},{"id":"_git_tools","type":"chapter","href":"1-git-tools.html","label":"Git Tools","children":[{"id":"_revision_selection","type":"sect1","href":"1-git-tools.html#_revision_selection","label":"Revision Selection","children":[{"id":"single-revisions-oetdHKSV","type":"sect2","href":"1-git-tools.html#single-revisions-oetdHKSV","label":"Single Revisions"},{"id":"short-sha-1-eetQSESn","type":"sect2","href":"1-git-tools.html#short-sha-1-eetQSESn","label":"Short SHA-1"},{"id":"_branch_references","type":"sect2","href":"1-git-tools.html#_branch_references","label":"Branch References"},{"id":"_git_reflog","type":"sect2","href":"1-git-tools.html#_git_reflog","label":"RefLog Shortnames"},{"id":"ancestry-references-3vtys4SA","type":"sect2","href":"1-git-tools.html#ancestry-references-3vtys4SA","label":"Ancestry References"},{"id":"_commit_ranges","type":"sect2","href":"1-git-tools.html#_commit_ranges","label":"Commit Ranges"}]},{"id":"_interactive_staging","type":"sect1","href":"1-git-tools.html#_interactive_staging","label":"Interactive Staging","children":[{"id":"staging-and-unstaging-files-3vtDI6hA","type":"sect2","href":"1-git-tools.html#staging-and-unstaging-files-3vtDI6hA","label":"Staging and Unstaging Files"},{"id":"staging-patches-z6tos6h6","type":"sect2","href":"1-git-tools.html#staging-patches-z6tos6h6","label":"Staging Patches"}]},{"id":"_git_stashing","type":"sect1","href":"1-git-tools.html#_git_stashing","label":"Stashing and Cleaning","children":[{"id":"stashing-your-work-OmtGSGIk","type":"sect2","href":"1-git-tools.html#stashing-your-work-OmtGSGIk","label":"Stashing Your Work"},{"id":"creative-stashing-3vtohVIA","type":"sect2","href":"1-git-tools.html#creative-stashing-3vtohVIA","label":"Creative Stashing"},{"id":"creating-a-branch-from-a-stash-z6tzIxI6","type":"sect2","href":"1-git-tools.html#creating-a-branch-from-a-stash-z6tzIxI6","label":"Creating a Branch from a Stash"},{"id":"_git_clean","type":"sect2","href":"1-git-tools.html#_git_clean","label":"Cleaning your Working Directory"}]},{"id":"_signing","type":"sect1","href":"1-git-tools.html#_signing","label":"Signing Your Work","children":[{"id":"gpg-introduction-Omt3HAsk","type":"sect2","href":"1-git-tools.html#gpg-introduction-Omt3HAsk","label":"GPG Introduction"},{"id":"signing-tags-3vt0SgsA","type":"sect2","href":"1-git-tools.html#signing-tags-3vt0SgsA","label":"Signing Tags"},{"id":"verifying-tags-z6t9h8s6","type":"sect2","href":"1-git-tools.html#verifying-tags-z6t9h8s6","label":"Verifying Tags"},{"id":"_signing_commits","type":"sect2","href":"1-git-tools.html#_signing_commits","label":"Signing Commits"},{"id":"everyone-must-sign-rEtGsBsg","type":"sect2","href":"1-git-tools.html#everyone-must-sign-rEtGsBsg","label":"Everyone Must Sign"}]},{"id":"_searching","type":"sect1","href":"1-git-tools.html#_searching","label":"Searching","children":[{"id":"_git_grep","type":"sect2","href":"1-git-tools.html#_git_grep","label":"Git Grep"},{"id":"git-log-searching-z6tnSPT6","type":"sect2","href":"1-git-tools.html#git-log-searching-z6tnSPT6","label":"Git Log Searching"}]},{"id":"_rewriting_history","type":"sect1","href":"1-git-tools.html#_rewriting_history","label":"Rewriting History","children":[{"id":"_git_amend","type":"sect2","href":"1-git-tools.html#_git_amend","label":"Changing the Last Commit"},{"id":"_changing_multiple","type":"sect2","href":"1-git-tools.html#_changing_multiple","label":"Changing Multiple Commit Messages"},{"id":"reordering-commits-YXtMIYf1","type":"sect2","href":"1-git-tools.html#reordering-commits-YXtMIYf1","label":"Reordering Commits"},{"id":"_squashing","type":"sect2","href":"1-git-tools.html#_squashing","label":"Squashing Commits"},{"id":"splitting-a-commit-J4trTyfR","type":"sect2","href":"1-git-tools.html#splitting-a-commit-J4trTyfR","label":"Splitting a Commit"},{"id":"the-nuclear-option-filter-branch-X7t0fqfD","type":"sect2","href":"1-git-tools.html#the-nuclear-option-filter-branch-X7t0fqfD","label":"The Nuclear Option: filter-branch"}]},{"id":"_git_reset","type":"sect1","href":"1-git-tools.html#_git_reset","label":"Reset Demystified","children":[{"id":"the-three-trees-BdtBHGUx","type":"sect2","href":"1-git-tools.html#the-three-trees-BdtBHGUx","label":"The Three Trees"},{"id":"the-workflow-rEt0SlUg","type":"sect2","href":"1-git-tools.html#the-workflow-rEt0SlUg","label":"The Workflow"},{"id":"the-role-of-reset-YXtnhoU1","type":"sect2","href":"1-git-tools.html#the-role-of-reset-YXtnhoU1","label":"The Role of Reset"},{"id":"reset-with-a-path-M4tyIKUG","type":"sect2","href":"1-git-tools.html#reset-with-a-path-M4tyIKUG","label":"Reset With a Path"},{"id":"squashing-J4txs3UR","type":"sect2","href":"1-git-tools.html#squashing-J4txs3UR","label":"Squashing"},{"id":"check-it-out-X7t3TyUD","type":"sect2","href":"1-git-tools.html#check-it-out-X7t3TyUD","label":"Check It Out"},{"id":"summary-4dtpfbU1","type":"sect2","href":"1-git-tools.html#summary-4dtpfbU1","label":"Summary"}]},{"id":"_advanced_merging","type":"sect1","href":"1-git-tools.html#_advanced_merging","label":"Advanced Merging","children":[{"id":"merge-conflicts-M4tJhVcG","type":"sect2","href":"1-git-tools.html#merge-conflicts-M4tJhVcG","label":"Merge Conflicts"},{"id":"_undoing_merges","type":"sect2","href":"1-git-tools.html#_undoing_merges","label":"Undoing Merges"},{"id":"other-types-of-merges-X7tasEcD","type":"sect2","href":"1-git-tools.html#other-types-of-merges-X7tasEcD","label":"Other Types of Merges"}]},{"id":"_rerere","type":"sect1","href":"1-git-tools.html#_rerere","label":"Rerere","children":[]},{"id":"debugging-with-git-rEt4F3","type":"sect1","href":"1-git-tools.html#debugging-with-git-rEt4F3","label":"Debugging with Git","children":[{"id":"_file_annotation","type":"sect2","href":"1-git-tools.html#_file_annotation","label":"File Annotation"},{"id":"_binary_search","type":"sect2","href":"1-git-tools.html#_binary_search","label":"Binary Search"}]},{"id":"_git_submodules","type":"sect1","href":"1-git-tools.html#_git_submodules","label":"Submodules","children":[{"id":"_starting_submodules","type":"sect2","href":"1-git-tools.html#_starting_submodules","label":"Starting with Submodules"},{"id":"_cloning_submodules","type":"sect2","href":"1-git-tools.html#_cloning_submodules","label":"Cloning a Project with Submodules"},{"id":"working-on-a-project-with-submodules-PEtJsPCY","type":"sect2","href":"1-git-tools.html#working-on-a-project-with-submodules-PEtJsPCY","label":"Working on a Project with Submodules"},{"id":"submodule-tips-p0tGTrCE","type":"sect2","href":"1-git-tools.html#submodule-tips-p0tGTrCE","label":"Submodule Tips"},{"id":"issues-with-submodules-9EtJfxCB","type":"sect2","href":"1-git-tools.html#issues-with-submodules-9EtJfxCB","label":"Issues with Submodules"}]},{"id":"_bundling","type":"sect1","href":"1-git-tools.html#_bundling","label":"Bundling","children":[]},{"id":"_replace","type":"sect1","href":"1-git-tools.html#_replace","label":"Replace","children":[]},{"id":"_credential_caching","type":"sect1","href":"1-git-tools.html#_credential_caching","label":"Credential Storage","children":[{"id":"under-the-hood-net7cGHR","type":"sect2","href":"1-git-tools.html#under-the-hood-net7cGHR","label":"Under the Hood"},{"id":"a-custom-credential-cache-EEtatdHY","type":"sect2","href":"1-git-tools.html#a-custom-credential-cache-EEtatdHY","label":"A Custom Credential Cache"}]},{"id":"summary-4dtXSX","type":"sect1","href":"1-git-tools.html#summary-4dtXSX","label":"Summary","children":[]}]},{"id":"_customizing_git","type":"chapter","href":"1-customizing-git.html","label":"Customizing Git","children":[{"id":"_git_config","type":"sect1","href":"1-customizing-git.html#_git_config","label":"Git Configuration","children":[{"id":"basic-client-configuration-AnTesjIK","type":"sect2","href":"1-customizing-git.html#basic-client-configuration-AnTesjIK","label":"Basic Client Configuration"},{"id":"colors-in-git-ORTqc8IN","type":"sect2","href":"1-customizing-git.html#colors-in-git-ORTqc8IN","label":"Colors in Git"},{"id":"_external_merge_tools","type":"sect2","href":"1-customizing-git.html#_external_merge_tools","label":"External Merge and Diff Tools"},{"id":"formatting-and-whitespace-vdT5F8IE","type":"sect2","href":"1-customizing-git.html#formatting-and-whitespace-vdT5F8IE","label":"Formatting and Whitespace"},{"id":"server-configuration-nPT6CAIE","type":"sect2","href":"1-customizing-git.html#server-configuration-nPT6CAIE","label":"Server Configuration"}]},{"id":"git-attributes-bRT5hy","type":"sect1","href":"1-customizing-git.html#git-attributes-bRT5hy","label":"Git Attributes","children":[{"id":"binary-files-GpTghPh6","type":"sect2","href":"1-customizing-git.html#binary-files-GpTghPh6","label":"Binary Files"},{"id":"_keyword_expansion","type":"sect2","href":"1-customizing-git.html#_keyword_expansion","label":"Keyword Expansion"},{"id":"exporting-your-repository-znTeHVh0","type":"sect2","href":"1-customizing-git.html#exporting-your-repository-znTeHVh0","label":"Exporting Your Repository"},{"id":"merge-strategies-kaTafzh5","type":"sect2","href":"1-customizing-git.html#merge-strategies-kaTafzh5","label":"Merge Strategies"}]},{"id":"_git_hooks","type":"sect1","href":"1-customizing-git.html#_git_hooks","label":"Git Hooks","children":[{"id":"installing-a-hook-GpTWI2i6","type":"sect2","href":"1-customizing-git.html#installing-a-hook-GpTWI2i6","label":"Installing a Hook"},{"id":"client-side-hooks-PkTZhKiG","type":"sect2","href":"1-customizing-git.html#client-side-hooks-PkTZhKiG","label":"Client-Side Hooks"},{"id":"server-side-hooks-znTDi8i0","type":"sect2","href":"1-customizing-git.html#server-side-hooks-znTDi8i0","label":"Server-Side Hooks"}]},{"id":"_an_example_git_enforced_policy","type":"sect1","href":"1-customizing-git.html#_an_example_git_enforced_policy","label":"An Example Git-Enforced Policy","children":[{"id":"server-side-hook-znTbhbH0","type":"sect2","href":"1-customizing-git.html#server-side-hook-znTbhbH0","label":"Server-Side Hook"},{"id":"client-side-hooks-kaTDiyH5","type":"sect2","href":"1-customizing-git.html#client-side-hooks-kaTDiyH5","label":"Client-Side Hooks"}]},{"id":"summary-GpTpfj","type":"sect1","href":"1-customizing-git.html#summary-GpTpfj","label":"Summary","children":[]}]},{"id":"git-and-other-systems-m70tp","type":"chapter","href":"1-git-and-other-scms.html","label":"Git and Other Systems","children":[{"id":"git-as-a-client-WPtgIW","type":"sect1","href":"1-git-and-other-scms.html#git-as-a-client-WPtgIW","label":"Git as a Client","children":[{"id":"_git_svn","type":"sect2","href":"1-git-and-other-scms.html#_git_svn","label":"Git and Subversion"},{"id":"git-and-mercurial-jzteIAIG","type":"sect2","href":"1-git-and-other-scms.html#git-and-mercurial-jzteIAIG","label":"Git and Mercurial"},{"id":"git-and-perforce-DYteuvIb","type":"sect2","href":"1-git-and-other-scms.html#git-and-perforce-DYteuvIb","label":"Git and Perforce"},{"id":"git-and-tfs-KZtLiwIX","type":"sect2","href":"1-git-and-other-scms.html#git-and-tfs-KZtLiwIX","label":"Git and TFS"}]},{"id":"_migrating","type":"sect1","href":"1-git-and-other-scms.html#_migrating","label":"Migrating to Git","children":[{"id":"subversion-jztasjuG","type":"sect2","href":"1-git-and-other-scms.html#subversion-jztasjuG","label":"Subversion"},{"id":"mercurial-DYtzIjub","type":"sect2","href":"1-git-and-other-scms.html#mercurial-DYtzIjub","label":"Mercurial"},{"id":"_perforce_import","type":"sect2","href":"1-git-and-other-scms.html#_perforce_import","label":"Perforce"},{"id":"_git_tfs","type":"sect2","href":"1-git-and-other-scms.html#_git_tfs","label":"TFS"},{"id":"_custom_importer","type":"sect2","href":"1-git-and-other-scms.html#_custom_importer","label":"A Custom Importer"}]},{"id":"summary-ojtGiq","type":"sect1","href":"1-git-and-other-scms.html#summary-ojtGiq","label":"Summary","children":[]}]},{"id":"_git_internals","type":"chapter","href":"1-git-internals.html","label":"Git Internals","children":[{"id":"_plumbing_porcelain","type":"sect1","href":"1-git-internals.html#_plumbing_porcelain","label":"Plumbing and Porcelain","children":[]},{"id":"_objects","type":"sect1","href":"1-git-internals.html#_objects","label":"Git Objects","children":[{"id":"_tree_objects","type":"sect2","href":"1-git-internals.html#_tree_objects","label":"Tree Objects"},{"id":"_git_commit_objects","type":"sect2","href":"1-git-internals.html#_git_commit_objects","label":"Commit Objects"},{"id":"object-storage-dZtQcEin","type":"sect2","href":"1-git-internals.html#object-storage-dZtQcEin","label":"Object Storage"}]},{"id":"_git_refs","type":"sect1","href":"1-git-internals.html#_git_refs","label":"Git References","children":[{"id":"_the_head","type":"sect2","href":"1-git-internals.html#_the_head","label":"The HEAD"},{"id":"tags-Gwt3TQIo","type":"sect2","href":"1-git-internals.html#tags-Gwt3TQIo","label":"Tags"},{"id":"remotes-n5tvuXIX","type":"sect2","href":"1-git-internals.html#remotes-n5tvuXIX","label":"Remotes"}]},{"id":"packfiles-QDtDfj","type":"sect1","href":"1-git-internals.html#packfiles-QDtDfj","label":"Packfiles","children":[]},{"id":"_refspec","type":"sect1","href":"1-git-internals.html#_refspec","label":"The Refspec","children":[{"id":"_pushing_refspecs","type":"sect2","href":"1-git-internals.html#_pushing_refspecs","label":"Pushing Refspecs"},{"id":"deleting-references-7ztxclUe","type":"sect2","href":"1-git-internals.html#deleting-references-7ztxclUe","label":"Deleting References"}]},{"id":"transfer-protocols-33tacA","type":"sect1","href":"1-git-internals.html#transfer-protocols-33tacA","label":"Transfer Protocols","children":[{"id":"the-dumb-protocol-jWtZH1c3","type":"sect2","href":"1-git-internals.html#the-dumb-protocol-jWtZH1c3","label":"The Dumb Protocol"},{"id":"the-smart-protocol-MRt6hEcG","type":"sect2","href":"1-git-internals.html#the-smart-protocol-MRt6hEcG","label":"The Smart Protocol"},{"id":"protocols-summary-mVt9Tec2","type":"sect2","href":"1-git-internals.html#protocols-summary-mVt9Tec2","label":"Protocols Summary"}]},{"id":"maintenance-and-data-recovery-6mtXtv","type":"sect1","href":"1-git-internals.html#maintenance-and-data-recovery-6mtXtv","label":"Maintenance and Data Recovery","children":[{"id":"_git_gc","type":"sect2","href":"1-git-internals.html#_git_gc","label":"Maintenance"},{"id":"_data_recovery","type":"sect2","href":"1-git-internals.html#_data_recovery","label":"Data Recovery"},{"id":"_removing_objects","type":"sect2","href":"1-git-internals.html#_removing_objects","label":"Removing Objects"}]},{"id":"environment-variables-jWtdFM","type":"sect1","href":"1-git-internals.html#environment-variables-jWtdFM","label":"Environment Variables","children":[{"id":"global-behavior-mVtbHnF2","type":"sect2","href":"1-git-internals.html#global-behavior-mVtbHnF2","label":"Global Behavior"},{"id":"repository-locations-0Rtyh4Fa","type":"sect2","href":"1-git-internals.html#repository-locations-0Rtyh4Fa","label":"Repository Locations"},{"id":"pathspecs-oEtZT5FE","type":"sect2","href":"1-git-internals.html#pathspecs-oEtZT5FE","label":"Pathspecs"},{"id":"committing-WDtmu5Fq","type":"sect2","href":"1-git-internals.html#committing-WDtmu5Fq","label":"Committing"},{"id":"networking-1Qtvi5FR","type":"sect2","href":"1-git-internals.html#networking-1Qtvi5FR","label":"Networking"},{"id":"diffing-and-merging-PDtYIlFG","type":"sect2","href":"1-git-internals.html#diffing-and-merging-PDtYIlFG","label":"Diffing and Merging"},{"id":"debugging-xwtEfDFB","type":"sect2","href":"1-git-internals.html#debugging-xwtEfDFB","label":"Debugging"},{"id":"miscellaneous-4gtZUaFv","type":"sect2","href":"1-git-internals.html#miscellaneous-4gtZUaFv","label":"Miscellaneous"}]},{"id":"summary-MRtOC2","type":"sect1","href":"1-git-internals.html#summary-MRtOC2","label":"Summary","children":[]}]},{"id":"git-in-other-environments-9lPt1","type":"appendix","href":"1-git-other-environments.html","label":"Git in Other Environments","children":[{"id":"graphical-interfaces-e4tqIv","type":"sect1","href":"1-git-other-environments.html#graphical-interfaces-e4tqIv","label":"Graphical Interfaces","children":[{"id":"gitk-and-git-gui-oMt3hzI4","type":"sect2","href":"1-git-other-environments.html#gitk-and-git-gui-oMt3hzI4","label":"gitk and git-gui"},{"id":"github-for-mac-and-windows-3OtrHWIj","type":"sect2","href":"1-git-other-environments.html#github-for-mac-and-windows-3OtrHWIj","label":"GitHub for Mac and Windows"},{"id":"other-guis-k6tATeIb","type":"sect2","href":"1-git-other-environments.html#other-guis-k6tATeIb","label":"Other GUIs"}]},{"id":"git-in-visual-studio-Qbt8hg","type":"sect1","href":"1-git-other-environments.html#git-in-visual-studio-Qbt8hg","label":"Git in Visual Studio","children":[]},{"id":"git-in-eclipse-j6tyH7","type":"sect1","href":"1-git-other-environments.html#git-in-eclipse-j6tyH7","label":"Git in Eclipse","children":[]},{"id":"git-in-bash-oMtzTx","type":"sect1","href":"1-git-other-environments.html#git-in-bash-oMtzTx","label":"Git in Bash","children":[]},{"id":"git-in-zsh-3OtDil","type":"sect1","href":"1-git-other-environments.html#git-in-zsh-3OtDil","label":"Git in Zsh","children":[]},{"id":"_git_powershell","type":"sect1","href":"1-git-other-environments.html#_git_powershell","label":"Git in Powershell","children":[]},{"id":"summary-WBt7fp","type":"sect1","href":"1-git-other-environments.html#summary-WBt7fp","label":"Summary","children":[]}]},{"id":"embedding-git-in-your-applications-jWpfb","type":"appendix","href":"1-embedding-git.html","label":"Embedding Git in your Applications","children":[{"id":"command-line-git-bxfOIe","type":"sect1","href":"1-embedding-git.html#command-line-git-bxfOIe","label":"Command-line Git","children":[]},{"id":"libgit2-e4fgtG","type":"sect1","href":"1-embedding-git.html#libgit2-e4fgtG","label":"Libgit2","children":[{"id":"advanced-functionality-Z0fpU9tN","type":"sect2","href":"1-embedding-git.html#advanced-functionality-Z0fpU9tN","label":"Advanced Functionality"},{"id":"_libgit2_bindings","type":"sect2","href":"1-embedding-git.html#_libgit2_bindings","label":"Other Bindings"},{"id":"further-reading-2LfnIltM","type":"sect2","href":"1-embedding-git.html#further-reading-2LfnIltM","label":"Further Reading"}]},{"id":"jgit-7WfxT1","type":"sect1","href":"1-embedding-git.html#jgit-7WfxT1","label":"JGit","children":[{"id":"getting-set-up-m2fZiYTW","type":"sect2","href":"1-embedding-git.html#getting-set-up-m2fZiYTW","label":"Getting Set Up"},{"id":"plumbing-nQfWIGTl","type":"sect2","href":"1-embedding-git.html#plumbing-nQfWIGTl","label":"Plumbing"},{"id":"porcelain-5MfDtKTK","type":"sect2","href":"1-embedding-git.html#porcelain-5MfDtKTK","label":"Porcelain"},{"id":"further-reading-1vfWTATJ","type":"sect2","href":"1-embedding-git.html#further-reading-1vfWTATJ","label":"Further Reading"}]}]},{"id":"git-commands-o2OtW","type":"appendix","href":"1-git-commands.html","label":"Git Commands","children":[{"id":"setup-and-config-qJt0Ip","type":"sect1","href":"1-git-commands.html#setup-and-config-qJt0Ip","label":"Setup and Config","children":[{"id":"git-config-0ZtRuVIP","type":"sect2","href":"1-git-commands.html#git-config-0ZtRuVIP","label":"git config"},{"id":"git-help-1VtrI0IL","type":"sect2","href":"1-git-commands.html#git-help-1VtrI0IL","label":"git help"}]},{"id":"getting-and-creating-projects-XKt7Tb","type":"sect1","href":"1-git-commands.html#getting-and-creating-projects-XKt7Tb","label":"Getting and Creating Projects","children":[{"id":"git-init-1VtVuVTL","type":"sect2","href":"1-git-commands.html#git-init-1VtVuVTL","label":"git init"},{"id":"git-clone-5LtDIGTO","type":"sect2","href":"1-git-commands.html#git-clone-5LtDIGTO","label":"git clone"}]},{"id":"basic-snapshotting-0ZtVsY","type":"sect1","href":"1-git-commands.html#basic-snapshotting-0ZtVsY","label":"Basic Snapshotting","children":[{"id":"git-add-5Lt8u4sO","type":"sect2","href":"1-git-commands.html#git-add-5Lt8u4sO","label":"git add"},{"id":"git-status-K6txILsv","type":"sect2","href":"1-git-commands.html#git-status-K6txILsv","label":"git status"},{"id":"git-diff-YztbTxsq","type":"sect2","href":"1-git-commands.html#git-diff-YztbTxsq","label":"git diff"},{"id":"git-difftool-Nytws0sw","type":"sect2","href":"1-git-commands.html#git-difftool-Nytws0sw","label":"git difftool"},{"id":"git-commit-AGtVSOsE","type":"sect2","href":"1-git-commands.html#git-commit-AGtVSOsE","label":"git commit"},{"id":"git-reset-zytwhrs4","type":"sect2","href":"1-git-commands.html#git-reset-zytwhrs4","label":"git reset"},{"id":"git-rm-m6tOfks1","type":"sect2","href":"1-git-commands.html#git-rm-m6tOfks1","label":"git rm"},{"id":"git-mv-8ytqUgs9","type":"sect2","href":"1-git-commands.html#git-mv-8ytqUgs9","label":"git mv"},{"id":"git-clean-krtwcGsZ","type":"sect2","href":"1-git-commands.html#git-clean-krtwcGsZ","label":"git clean"}]},{"id":"branching-and-merging-1VtdSd","type":"sect1","href":"1-git-commands.html#branching-and-merging-1VtdSd","label":"Branching and Merging","children":[{"id":"git-branch-K6t3uJSv","type":"sect2","href":"1-git-commands.html#git-branch-K6t3uJSv","label":"git branch"},{"id":"git-checkout-YztgI5Sq","type":"sect2","href":"1-git-commands.html#git-checkout-YztgI5Sq","label":"git checkout"},{"id":"git-merge-NytPTXSw","type":"sect2","href":"1-git-commands.html#git-merge-NytPTXSw","label":"git merge"},{"id":"git-mergetool-AGtqsGSE","type":"sect2","href":"1-git-commands.html#git-mergetool-AGtqsGSE","label":"git mergetool"},{"id":"git-log-zytxS6S4","type":"sect2","href":"1-git-commands.html#git-log-zytxS6S4","label":"git log"},{"id":"git-stash-m6tzh2S1","type":"sect2","href":"1-git-commands.html#git-stash-m6tzh2S1","label":"git stash"},{"id":"git-tag-8ytwfXS9","type":"sect2","href":"1-git-commands.html#git-tag-8ytwfXS9","label":"git tag"}]},{"id":"sharing-and-updating-projects-5Ltdhr","type":"sect1","href":"1-git-commands.html#sharing-and-updating-projects-5Ltdhr","label":"Sharing and Updating Projects","children":[{"id":"git-fetch-Yzt6uvhq","type":"sect2","href":"1-git-commands.html#git-fetch-Yzt6uvhq","label":"git fetch"},{"id":"git-pull-Nyt2Iehw","type":"sect2","href":"1-git-commands.html#git-pull-Nyt2Iehw","label":"git pull"},{"id":"git-push-AGtETEhE","type":"sect2","href":"1-git-commands.html#git-push-AGtETEhE","label":"git push"},{"id":"git-remote-zytJsKh4","type":"sect2","href":"1-git-commands.html#git-remote-zytJsKh4","label":"git remote"},{"id":"git-archive-m6tpSDh1","type":"sect2","href":"1-git-commands.html#git-archive-m6tpSDh1","label":"git archive"},{"id":"git-submodule-8ytJhah9","type":"sect2","href":"1-git-commands.html#git-submodule-8ytJhah9","label":"git submodule"}]},{"id":"inspection-and-comparison-K6tkf5","type":"sect1","href":"1-git-commands.html#inspection-and-comparison-K6tkf5","label":"Inspection and Comparison","children":[{"id":"git-show-YztPiWfq","type":"sect2","href":"1-git-commands.html#git-show-YztPiWfq","label":"git show"},{"id":"git-shortlog-Nytpu8fw","type":"sect2","href":"1-git-commands.html#git-shortlog-Nytpu8fw","label":"git shortlog"},{"id":"git-describe-AGtvIafE","type":"sect2","href":"1-git-commands.html#git-describe-AGtvIafE","label":"git describe"}]},{"id":"debugging-YztvUD","type":"sect1","href":"1-git-commands.html#debugging-YztvUD","label":"Debugging","children":[{"id":"git-bisect-AGtzu5UE","type":"sect2","href":"1-git-commands.html#git-bisect-AGtzu5UE","label":"git bisect"},{"id":"git-blame-zytqIbU4","type":"sect2","href":"1-git-commands.html#git-blame-zytqIbU4","label":"git blame"},{"id":"git-grep-m6t9TyU1","type":"sect2","href":"1-git-commands.html#git-grep-m6t9TyU1","label":"git grep"}]},{"id":"patching-Nytgc1","type":"sect1","href":"1-git-commands.html#patching-Nytgc1","label":"Patching","children":[{"id":"git-cherry-pick-zytAu7c4","type":"sect2","href":"1-git-commands.html#git-cherry-pick-zytAu7c4","label":"git cherry-pick"},{"id":"git-rebase-m6tJIVc1","type":"sect2","href":"1-git-commands.html#git-rebase-m6tJIVc1","label":"git rebase"},{"id":"git-revert-8yteTQc9","type":"sect2","href":"1-git-commands.html#git-revert-8yteTQc9","label":"git revert"}]},{"id":"email-AGtYtV","type":"sect1","href":"1-git-commands.html#email-AGtYtV","label":"Email","children":[{"id":"git-apply-m6tKuXt1","type":"sect2","href":"1-git-commands.html#git-apply-m6tKuXt1","label":"git apply"},{"id":"git-am-8ytQIxt9","type":"sect2","href":"1-git-commands.html#git-am-8ytQIxt9","label":"git am"},{"id":"git-format-patch-krtJTdtZ","type":"sect2","href":"1-git-commands.html#git-format-patch-krtJTdtZ","label":"git format-patch"},{"id":"git-imap-send-7btYs3tq","type":"sect2","href":"1-git-commands.html#git-imap-send-7btYs3tq","label":"git imap-send"},{"id":"git-send-email-aKtMSmtE","type":"sect2","href":"1-git-commands.html#git-send-email-aKtMSmtE","label":"git send-email"},{"id":"git-request-pull-r4tghQtn","type":"sect2","href":"1-git-commands.html#git-request-pull-r4tghQtn","label":"git request-pull"}]},{"id":"external-systems-zytLF1","type":"sect1","href":"1-git-commands.html#external-systems-zytLF1","label":"External Systems","children":[{"id":"git-svn-8ytMu3F9","type":"sect2","href":"1-git-commands.html#git-svn-8ytMu3F9","label":"git svn"},{"id":"git-fast-import-krt1IxFZ","type":"sect2","href":"1-git-commands.html#git-fast-import-krt1IxFZ","label":"git fast-import"}]},{"id":"administration-m6trC6","type":"sect1","href":"1-git-commands.html#administration-m6trC6","label":"Administration","children":[{"id":"git-gc-krt3uJCZ","type":"sect2","href":"1-git-commands.html#git-gc-krt3uJCZ","label":"git gc"},{"id":"git-fsck-7btVIxCq","type":"sect2","href":"1-git-commands.html#git-fsck-7btVIxCq","label":"git fsck"},{"id":"git-reflog-aKtyTkCE","type":"sect2","href":"1-git-commands.html#git-reflog-aKtyTkCE","label":"git reflog"},{"id":"git-filter-branch-r4t0sDCn","type":"sect2","href":"1-git-commands.html#git-filter-branch-r4t0sDCn","label":"git filter-branch"}]},{"id":"plumbing-commands-8ytkHz","type":"sect1","href":"1-git-commands.html#plumbing-commands-8ytkHz","label":"Plumbing Commands","children":[]}]},{"type":"index","href":"index.html","label":"Index","children":[]}]}}